,veh,rank,request_id,req_equip,start_time,end_time,lat,lon
0,0,0,Адрес Офиса,nan,nan,nan,55.699782,37.772553
1,0,1,305857498,Подключение,17.08.2026 10:00,17.08.2026 12:00,55.711844,37.770837
2,0,2,10245,Подключение,17.08.2026 12:00,17.08.2026 14:00,55.713627,37.771977
3,0,3,57866,Подключение,17.08.2026 14:00,17.08.2026 16:00,55.717615,37.779419
4,0,4,10135,Подключение,17.08.2026 18:00,17.08.2026 20:00,55.722,37.782163
5,0,5,305849742,Подключение,17.08.2026 20:00,17.08.2026 22:00,55.72703,37.76596
6,0,6,Адрес Офиса,nan,nan,nan,55.699782,37.772553
7,1,0,Адрес Офиса,nan,nan,nan,55.699782,37.772553
8,1,1,32807,Локальная заявка,17.08.2026 10:00,17.08.2026 12:00,55.710338,37.751392
9,1,2,305894885,Локальная заявка,17.08.2026 12:00,17.08.2026 14:00,55.696534,37.752222
10,1,3,305887546,Локальная заявка,17.08.2026 14:00,17.08.2026 16:00,55.69892,37.77155
11,1,4,305929608,Дозаказ,17.08.2026 18:00,17.08.2026 20:00,55.701088,37.824987
12,1,5,43506,Локальная заявка,17.08.2026 20:00,17.08.2026 22:00,55.699164,37.817432
13,1,6,Адрес Офиса,nan,nan,nan,55.699782,37.772553
14,2,0,Адрес Офиса,nan,nan,nan,55.699782,37.772553
15,2,1,54964,Глобальная проблема,17.08.2026 10:00,17.08.2026 12:00,55.703983,37.813075
16,2,2,305896248,Подключение,17.08.2026 12:00,17.08.2026 14:00,55.732503,37.717803
17,2,3,22634,Дозаказ,17.08.2026 14:00,17.08.2026 16:00,55.734724,37.673791
18,2,4,305898371,Глобальная проблема,17.08.2026 16:00,17.08.2026 18:00,55.532867,37.437943
19,2,5,305914822,Глобальная проблема,17.08.2026 20:00,17.08.2026 22:00,55.594046,37.443767
20,2,6,Адрес Офиса,nan,nan,nan,55.699782,37.772553
21,3,0,Адрес Офиса,nan,nan,nan,55.699782,37.772553
22,3,1,34366,Подключение,17.08.2026 10:00,17.08.2026 12:00,55.698042,37.743828
23,3,2,53587,Подключение,17.08.2026 12:00,17.08.2026 14:00,55.698497,37.7378
24,3,3,71388,Подключение,17.08.2026 14:00,17.08.2026 16:00,55.697309,37.736531
25,3,4,305891560,Подключение,17.08.2026 16:00,17.08.2026 18:00,55.696482,37.741949
26,3,5,305927238,Подключение,17.08.2026 20:00,17.08.2026 22:00,55.69892,37.77155
27,3,6,Адрес Офиса,nan,nan,nan,55.699782,37.772553
28,4,0,Адрес Офиса,nan,nan,nan,55.699782,37.772553
29,4,1,305880939,Локальная заявка,17.08.2026 10:00,17.08.2026 12:00,55.710338,37.751392
30,4,2,60720,Локальная заявка,17.08.2026 12:00,17.08.2026 14:00,55.696534,37.752222
31,4,3,305897279,Локальная заявка,17.08.2026 14:00,17.08.2026 16:00,55.702946,37.737801
32,4,4,305868415,Локальная заявка,17.08.2026 18:00,17.08.2026 20:00,55.706886,37.743167
33,4,5,305896864,Локальная заявка,17.08.2026 20:00,17.08.2026 22:00,55.764253,37.651889
34,4,6,Адрес Офиса,nan,nan,nan,55.699782,37.772553
35,5,0,Адрес Офиса,nan,nan,nan,55.699782,37.772553
36,5,1,305883073,Глобальная проблема,17.08.2026 10:00,17.08.2026 12:00,55.703983,37.813075
37,5,2,305534517,Подключение,17.08.2026 12:00,17.08.2026 14:00,55.698497,37.7378
38,5,3,73572,Локальная заявка,17.08.2026 14:00,17.08.2026 16:00,55.704312,37.749421
39,5,4,305898353,Глобальная проблема,17.08.2026 16:00,17.08.2026 18:00,55.474275,37.557378
40,5,5,86160,Подключение,17.08.2026 18:00,17.08.2026 20:00,55.483455,37.472345
41,5,6,57299,Глобальная проблема,17.08.2026 20:00,17.08.2026 22:00,55.594046,37.443767
42,5,7,Адрес Офиса,nan,nan,nan,55.699782,37.772553
43,6,0,Адрес Офиса,nan,nan,nan,55.699782,37.772553
44,6,1,305888536,Подключение,17.08.2026 10:00,17.08.2026 12:00,55.698042,37.743828
45,6,2,305885296,Подключение,17.08.2026 14:00,17.08.2026 16:00,55.697309,37.736531
46,6,3,18754,Подключение,17.08.2026 18:00,17.08.2026 20:00,55.71437,37.789781
47,6,4,305738126,Подключение,17.08.2026 20:00,17.08.2026 22:00,55.714471,37.769522
48,6,5,Адрес Офиса,nan,nan,nan,55.699782,37.772553
49,7,0,Адрес Офиса,nan,nan,nan,55.699782,37.772553
50,7,1,305549935,Дозаказ,17.08.2026 10:00,17.08.2026 12:00,55.731152,37.753472
51,7,2,305882940,Локальная заявка,17.08.2026 12:00,17.08.2026 14:00,55.735491,37.676818
52,7,3,305895738,Дозаказ,17.08.2026 14:00,17.08.2026 16:00,55.734724,37.673791
53,7,4,305888304,Локальная заявка,17.08.2026 16:00,17.08.2026 18:00,55.764827,37.716833
54,7,5,92031,Дозаказ,17.08.2026 18:00,17.08.2026 20:00,55.701088,37.824987
55,7,6,31260,Дозаказ,17.08.2026 20:00,17.08.2026 22:00,55.699164,37.817432
56,7,7,Адрес Офиса,nan,nan,nan,55.699782,37.772553
57,8,0,Адрес Офиса,nan,nan,nan,55.699782,37.772553
58,8,1,305896956,Глобальная проблема,17.08.2026 10:00,17.08.2026 12:00,55.753522,37.66414
59,8,2,41077,Подключение,17.08.2026 12:00,17.08.2026 14:00,55.740895,37.68458
60,8,3,305898320,Глобальная проблема,17.08.2026 14:00,17.08.2026 16:00,55.740011,37.687715
61,8,4,35675,Подключение,17.08.2026 16:00,17.08.2026 18:00,55.701978,37.676799
62,8,5,50104,Подключение,17.08.2026 18:00,17.08.2026 20:00,55.719037,37.730035
63,8,6,305896177,Глобальная проблема,17.08.2026 20:00,17.08.2026 22:00,55.715012,37.740128
64,8,7,Адрес Офиса,nan,nan,nan,55.699782,37.772553
65,9,0,Адрес Офиса,nan,nan,nan,55.699782,37.772553
66,9,1,77563,Подключение,17.08.2026 10:00,17.08.2026 12:00,55.711844,37.770837
67,9,2,305890789,Подключение,17.08.2026 12:00,17.08.2026 14:00,55.713627,37.771977
68,9,3,305919472,Подключение,17.08.2026 14:00,17.08.2026 16:00,55.717615,37.779419
69,9,4,305893375,Подключение,17.08.2026 18:00,17.08.2026 20:00,55.71437,37.789781
70,9,5,84627,Подключение,17.08.2026 20:00,17.08.2026 22:00,55.714471,37.769522
71,9,6,Адрес Офиса,nan,nan,nan,55.699782,37.772553
72,10,0,Адрес Офиса,nan,nan,nan,55.699782,37.772553
73,10,1,33527,Дозаказ,17.08.2026 10:00,17.08.2026 12:00,55.731152,37.753472
74,10,2,305895089,Локальная заявка,17.08.2026 12:00,17.08.2026 14:00,55.740048,37.683249
75,10,3,305896987,Локальная заявка,17.08.2026 14:00,17.08.2026 16:00,55.75822,37.697515
76,10,4,26645,Локальная заявка,17.08.2026 16:00,17.08.2026 18:00,55.764827,37.716833
77,10,5,98815,Дозаказ,17.08.2026 18:00,17.08.2026 20:00,55.763267,37.712896
78,10,6,47670,Локальная заявка,17.08.2026 20:00,17.08.2026 22:00,55.764253,37.651889
79,10,7,Адрес Офиса,nan,nan,nan,55.699782,37.772553
80,11,0,Адрес Офиса,nan,nan,nan,55.699782,37.772553
81,11,1,24980,Глобальная проблема,17.08.2026 10:00,17.08.2026 12:00,55.753522,37.66414
82,11,2,305896844,Подключение,17.08.2026 12:00,17.08.2026 14:00,55.740895,37.68458
83,11,3,17349,Глобальная проблема,17.08.2026 14:00,17.08.2026 16:00,55.740011,37.687715
84,11,4,87693,Подключение,17.08.2026 16:00,17.08.2026 18:00,55.696482,37.741949
85,11,5,305857695,Подключение,17.08.2026 18:00,17.08.2026 20:00,55.719037,37.730035
86,11,6,21367,Глобальная проблема,17.08.2026 20:00,17.08.2026 22:00,55.715012,37.740128
87,11,7,Адрес Офиса,nan,nan,nan,55.699782,37.772553
